id,nickname,hex.auto,r,g,b,color,total.value
53,black,0,0,0,0,black,0
749,smoky_black,100c08,16,12,8,black,36
423,licorice,1a1110,26,17,16,black,59
558,oxford_blue,2147,0,33,71,blue,104
527,navy_blue,80,0,0,128,blue,128
672,rich_black,4040,0,64,64,blue,128
638,prussian_blue,3153,0,49,83,blue,132
841,warm_black,4242,0,66,66,blue,132
694,royal_blue_traditional,2366,0,35,102,blue,137
201,dark_blue,00008b,0,0,139,blue,139
176,cool_black,2.00E+63,0,46,99,blue,145
256,deep_jungle_green,004b49,0,75,73,blue,148
519,msu_green,18453b,24,69,59,blue,152
621,phthalo_blue,000f89,0,15,137,blue,152
219,dark_midnight_blue,36,0,51,102,blue,153
273,duke_blue,00009c,0,0,156,blue,156
506,midnight_green_eagle_green,4953,0,73,83,blue,156
505,midnight_blue,191970,25,25,112,blue,162
137,catalina_blue,062a78,6,42,120,blue,168
671,resolution_blue,2387,0,35,135,blue,170
213,dark_imperial_blue,00416a,0,65,106,blue,171
379,indigo_dye,00416a,0,65,106,blue,171
808,ultramarine,120a8f,18,10,143,blue,171
373,imperial_blue,2395,0,35,149,blue,184
863,zaffre,0014a8,0,20,168,blue,188
1,air_force_blue_usaf,00308f,0,48,143,blue,191
205,dark_cerulean,08457e,8,69,126,blue,203
228,dark_powder_blue,3399,0,51,153,blue,204
747,smalt_dark_powder_blue,39,0,51,153,blue,204
481,medium_blue,0000cd,0,0,205,blue,205
381,international_klein_blue,002fa7,0,47,167,blue,214
801,ua_blue,0033aa,0,51,170,blue,221
693,royal_azure,0038a8,0,56,168,blue,224
819,usafa_blue,004f98,0,79,152,blue,231
742,skobeloff,7474,0,116,116,blue,232
485,medium_electric_blue,35096,3,80,150,blue,233
279,egyptian_blue,1034a6,16,52,166,blue,234
855,yale_blue,0f4d92,15,77,146,blue,238
171,cobalt,0047ab,0,71,171,blue,242
71,blue_sapphire,126180,18,97,128,blue,243
729,sea_blue,6994,0,105,148,blue,253
62,blue,0000ff,0,0,255,blue,255
69,blue_pigment,339,51,51,153,blue,255
774,teal_green,00827f,0,130,127,blue,257
489,medium_persian_blue,0067a5,0,103,165,blue,268
723,sapphire_blue,0067a5,0,103,165,blue,268
610,persian_blue,1c39bb,28,57,187,blue,272
208,dark_cyan,008b8b,0,139,139,blue,278
722,sapphire,0f52ba,15,82,186,blue,283
149,cg_blue,007aa5,0,122,165,blue,287
140,celadon_blue,007ba7,0,123,167,blue,290
146,cerulean,007ba7,0,123,167,blue,290
404,lapis_lazuli,26619c,38,97,156,blue,291
317,french_blue,0072bb,0,114,187,blue,301
831,violet_blue,324ab2,50,74,178,blue,302
141,celadon_green,2f847c,47,132,124,blue,303
265,denim,1560bd,21,96,189,blue,306
773,teal_blue,367588,54,117,136,blue,307
534,ocean_boat_blue,0077be,0,119,190,blue,309
611,persian_green,00a693,0,166,147,blue,313
147,cerulean_blue,2a52be,42,82,190,blue,314
288,electric_ultramarine,3f00ff,63,0,255,blue,318
366,honolulu_blue,007fbf,0,127,191,blue,318
67,blue_munsell,0093af,0,147,175,blue,322
791,true_blue,0073cf,0,115,207,blue,322
68,blue_ncs,0087bd,0,135,189,blue,324
560,palatinate_blue,273be2,39,59,226,blue,324
70,blue_ryb,0247fe,2,71,254,blue,327
75,bondi_blue,0095b6,0,149,182,blue,331
804,ucla_blue,536895,83,104,149,blue,336
66,blue_green,0d98ba,13,152,186,blue,351
675,rich_electric_blue,0892d0,8,146,208,blue,362
80,brandeis_blue,0070ff,0,112,255,blue,367
442,light_sea_green,20b2aa,32,178,170,blue,380
755,steel_blue,4682b4,70,130,180,blue,380
34,azure,007fff,0,127,255,blue,382
356,han_blue,446ccf,68,108,207,blue,383
792,tufts_blue,417dc1,65,125,193,blue,383
695,royal_blue_web,4.17E+04,65,105,225,blue,395
0,air_force_blue_raf,5d8aa8,93,138,168,blue,399
650,rackley,5d8aa8,93,138,168,blue,399
64,blue_crayola,1f75fe,31,117,254,blue,402
332,glaucous,6082b6,96,130,182,blue,408
680,robin_egg_blue,00cccc,0,204,204,blue,408
39,ball_blue,21abcd,33,171,205,blue,409
809,ultramarine_blue,4166f5,65,102,245,blue,412
109,cadet_blue,5f9ea0,95,158,160,blue,413
83,bright_cerulean,1dacd6,29,172,214,blue,415
242,dark_turquoise,00ced1,0,206,209,blue,415
198,cyan_process,00b7eb,0,183,235,blue,418
59,bleu_de_france,318ce7,49,140,231,blue,420
826,verdigris,43b3ae,67,179,174,blue,420
269,dodger_blue,1e90ff,30,144,255,blue,429
143,celestial_blue,4997d0,73,151,208,blue,432
125,capri,00bfff,0,191,255,blue,446
263,deep_sky_blue,00bfff,0,191,255,blue,446
65,blue_grey,6699cc,102,153,204,blue,459
148,cerulean_frost,6d9bc3,109,155,195,blue,459
751,spiro_disco_ball,0fc0fc,15,192,252,blue,459
88,bright_turquoise,08e8de,8,232,222,blue,462
812,united_nations_blue,5b92e5,91,146,229,blue,466
2,air_superiority_blue,72a0c1,114,160,193,blue,467
514,moonstone_blue,73a9c2,115,169,194,blue,478
223,dark_pastel_blue,779ecb,119,158,203,blue,480
190,cornflower_blue,6495ed,100,149,237,blue,486
456,little_boy_blue,6ca0dc,108,160,220,blue,488
371,iceberg,71a6d2,113,166,210,blue,489
22,aqua,00ffff,0,255,255,blue,510
197,cyan,00ffff,0,255,255,blue,510
282,electric_cyan,0ff,0,255,255,blue,510
606,pearl_aqua,88d8c0,136,216,192,blue,544
135,carolina_blue,99badd,153,186,221,blue,560
478,maya_blue,73c2fb,115,194,251,blue,560
743,sky_blue,87ceeb,135,206,235,blue,576
566,pale_cerulean,9bc4e2,155,196,226,blue,577
36,baby_blue,89cff0,137,207,240,blue,584
429,light_cornflower_blue,93ccea,147,204,234,blue,585
443,light_sky_blue,87cefa,135,206,250,blue,591
23,aquamarine,7fffd4,127,255,212,blue,594
37,baby_blue_eyes,a1caf1,161,202,241,blue,604
569,pale_cornflower_blue,abcdef,171,205,239,blue,615
425,light_blue,add8e6,173,216,230,blue,619
532,non_photo_blue,a4dded,164,221,237,blue,622
280,electric_blue,7df9ff,125,249,255,blue,629
45,beau_blue,bcd4e6,188,212,230,blue,630
562,pale_aqua,bcd4e6,188,212,230,blue,630
635,powder_blue_web,b0e0e6,176,224,230,blue,630
174,columbia_blue,9bddff,155,221,255,blue,631
60,blizzard_blue,ace5ee,172,229,238,blue,639
842,waterspout,a4f4f9,164,244,249,blue,657
142,celeste_colour,b2ffff,178,255,255,blue,688
864,zinnwaldite_brown,2c1608,44,22,8,brown,74
54,black_bean,3d0c02,61,12,2,brown,75
100,bulgarian_rose,480607,72,6,7,brown,85
731,seal_brown,321414,50,20,20,brown,90
234,dark_sienna,3c1414,60,20,20,brown,100
50,bistre,3d2b1f,61,43,31,brown,135
543,olive_drab_7,3c341f,60,52,31,brown,143
126,caput_mortuum,592720,89,39,32,brown,160
116,caf_noir,4b3621,75,54,33,brown,162
216,dark_lava,483c32,72,60,50,brown,182
240,dark_taupe,483c32,72,60,50,brown,182
767,taupe,483c32,72,60,50,brown,182
163,chocolate_traditional,7b3f00,123,63,0,brown,186
679,rifle_green,414833,65,72,51,brown,188
734,sepia,704214,112,66,20,brown,198
202,dark_brown,654321,101,67,33,brown,201
554,otter_brown,654321,101,67,33,brown,201
739,sienna,882d17,136,45,23,brown,204
302,field_drab,6c541e,108,84,30,brown,222
95,brown_traditional,964b00,150,75,0,brown,225
105,burnt_umber,8a3324,138,51,36,brown,225
706,russet,80461b,128,70,27,brown,225
710,saddle_brown,8b4513,139,69,19,brown,227
649,quartz,51484f,81,72,79,brown,232
254,deep_coffee,704241,112,66,65,brown,243
173,coffee,6f4e37,111,78,55,brown,244
264,deep_tuscan_red,66424d,102,66,77,brown,245
683,rose_ebony,674846,103,72,70,brown,245
74,bole,79443b,121,68,59,brown,248
499,medium_tuscan_red,79443b,121,68,59,brown,248
497,medium_taupe,674c47,103,76,71,brown,250
810,umber,635147,99,81,71,brown,251
162,chinese_red,aa381e,170,56,30,brown,256
843,wenge,645452,100,84,82,brown,266
798,tuscan_red,7c4848,124,72,72,brown,268
187,cordovan,893f45,137,63,69,brown,269
336,golden_brown,996515,153,101,21,brown,275
331,ginger,b06500,176,101,0,brown,277
483,medium_carmine,af4035,175,64,53,brown,292
657,raw_umber,826644,130,102,68,brown,300
6,alloy_orange,c46210,196,98,16,brown,310
426,light_brown,b5651d,181,101,29,brown,311
587,pastel_brown,836953,131,105,83,brown,319
210,dark_goldenrod,b8860b,184,134,11,brown,329
688,rose_taupe,905d5d,144,93,93,brown,330
253,deep_chestnut,b94e48,185,78,72,brown,335
178,copper,b87333,184,115,51,brown,350
735,shadow,8a795d,138,121,93,brown,352
206,dark_chestnut,986960,152,105,96,brown,353
564,pale_brown,987654,152,118,84,brown,354
238,dark_tan,918151,145,129,81,brown,355
182,copper_rose,996666,153,102,102,brown,357
535,ochre,cc7722,204,119,34,brown,357
813,university_of_california_gold,b78727,183,135,39,brown,357
151,chamoisee,a0785a,160,120,90,brown,370
58,blast_off_bronze,a57164,165,113,100,brown,378
115,caf_au_lait,a67b5b,166,123,91,brown,380
316,french_beige,a67b5b,166,123,91,brown,380
94,bronze,cd7f32,205,127,50,brown,382
180,copper_penny,ad6f69,173,111,105,brown,389
181,copper_red,cb6d51,203,109,81,brown,393
44,bazaar,98777b,152,119,123,brown,394
46,beaver,9f8170,159,129,112,brown,400
619,peru,cd853f,205,133,63,brown,401
339,goldenrod,daa520,218,165,32,brown,415
782,tiger_s_eye,e08d3c,224,141,60,brown,425
445,light_taupe,b38b6d,179,139,109,brown,427
613,persian_orange,d99058,217,144,88,brown,449
119,camel,c19a6b,193,154,107,brown,454
266,desert,c19a6b,193,154,107,brown,454
294,fallow,c19a6b,193,154,107,brown,454
455,lion,c19a6b,193,154,107,brown,454
853,wood_brown,c19a6b,193,154,107,brown,454
353,grullo,a99a86,169,154,134,brown,457
179,copper_crayola,da8a67,218,138,103,brown,459
568,pale_copper,da8a67,218,138,103,brown,459
581,pale_taupe,bc987e,188,152,126,brown,466
15,antique_brass,cd9575,205,149,117,brown,471
479,meat_brown,e5b73b,229,183,59,brown,471
377,indian_yellow,e3a857,227,168,87,brown,482
274,earth_yellow,e1a95f,225,169,95,brown,489
715,sand,c2b280,194,178,128,brown,500
718,sandy_brown,f4a460,244,164,96,brown,504
231,dark_salmon,e9967a,233,150,122,brown,505
298,fawn,e5aa70,229,170,112,brown,511
793,tumbleweed,deaa88,222,170,136,brown,528
762,tan,d2b48c,210,180,140,brown,530
440,light_salmon,ffa07a,255,160,122,brown,537
102,burlywood,deb887,222,184,135,brown,541
502,mellow_apricot,f8b878,248,184,120,brown,552
570,pale_gold,e6be8a,230,190,138,brown,558
787,topaz,ffc87c,255,200,124,brown,579
308,flax,eedc82,238,220,130,brown,588
267,desert_sand,edc9af,237,201,175,brown,613
252,deep_champagne,fad6a5,250,214,165,brown,629
761,sunset,fad6a5,250,214,165,brown,629
21,apricot,fbceb1,251,206,177,brown,634
424,light_apricot,fdd5b1,253,213,177,brown,643
526,navajo_white,ffdead,255,222,173,brown,650
605,pearl,eae0c8,234,224,200,brown,658
212,dark_green,13220,1,50,32,green,83
314,forest_green_traditional,14522,1,68,33,green,102
559,pakistan_green,6600,0,102,0,green,102
815,up_forest_green,14421,1,68,33,green,102
93,british_racing_green,4225,0,66,37,green,103
622,phthalo_green,123524,18,53,36,green,107
453,lincoln_green,195905,25,89,5,green,119
486,medium_jungle_green,1c352d,28,53,45,green,126
19,ao_english,8000,0,128,0,green,128
347,green_html_css_green,8000,0,128,0,green,128
536,office_green,8000,0,128,0,green,128
522,myrtle,21421e,33,66,30,green,129
55,black_leather_jacket,253529,37,53,41,green,131
387,islamic_green,008f00,0,144,0,green,144
709,sacramento_state_green,00563f,0,86,63,green,149
117,cal_poly_green,1e4d2b,30,77,43,green,150
375,india_green,138808,19,136,8,green,163
111,cadmium_green,006b3c,0,107,60,green,167
524,napier_green,2a8000,42,128,0,green,170
245,dartmouth_green,00703c,0,112,60,green,172
402,la_salle_green,87830,8,120,48,green,176
78,bottle_green,006a4e,0,106,78,green,184
24,army_green,4b5320,75,83,32,green,190
533,north_texas_green,59033,5,144,51,green,200
237,dark_spring_green,177245,23,114,69,green,206
370,hunter_green,355e3b,53,94,59,green,206
315,forest_green_web,228b22,34,139,34,green,207
790,tropical_rain_forest,00755e,0,117,94,green,211
33,avocado,568203,86,130,3,green,219
624,pine_green,01796f,1,121,111,green,233
220,dark_olive_green,556b2f,85,107,47,green,239
350,green_pigment,00a550,0,165,80,green,245
721,sap_green,507d2a,80,125,42,green,247
736,shamrock_green,9.00E+60,0,158,96,green,254
224,dark_pastel_green,03c03c,3,192,60,green,255
283,electric_green,00ff00,0,255,0,green,255
345,green_color_wheel_x11_green,00ff00,0,255,0,green,255
451,lime_web_x11_green,00ff00,0,255,0,green,255
772,teal,8080,0,128,128,green,256
300,fern_green,4f7942,79,121,66,green,266
349,green_ncs,009f6b,0,159,107,green,266
730,sea_green,2e8b57,46,139,87,green,272
389,jade,00a86b,0,168,107,green,275
544,olive_drab_web_olive_drab_3,6b8e23,107,142,35,green,284
397,kelly_green,4cbb17,76,187,23,green,286
348,green_munsell,00a877,0,168,119,green,287
835,viridian,40826d,64,130,109,green,303
450,lime_green,32cd32,50,205,50,green,305
467,malachite,0bda51,11,218,81,green,310
359,harlequin,3fff00,63,255,0,green,318
346,green_crayola,1cac78,28,172,120,green,320
20,apple_green,8db600,141,182,0,green,323
351,green_ryb,66b032,102,176,50,green,328
530,neon_green,39ff14,57,255,20,green,332
396,jungle_green,29ab87,41,171,135,green,347
493,medium_sea_green,3cb371,60,179,113,green,352
84,bright_green,66ff00,102,255,0,green,357
128,caribbean_green,00cc99,0,204,153,green,357
452,limerick,9dc209,157,194,9,green,360
121,camouflage_green,78866b,120,134,107,green,361
854,xanadu,738678,115,134,120,green,369
419,lawn_green,7cfc00,124,252,0,green,376
517,mountain_meadow,30ba8f,48,186,143,green,377
781,tiffany_blue,0abab5,10,186,181,green,377
508,mint,3eb489,62,180,137,green,379
806,ufo_green,3cd070,60,208,112,green,380
156,chartreuse_web,7fff00,127,255,0,green,382
354,guppie_green,00ff7f,0,255,127,green,382
753,spring_green,00ff7f,0,255,127,green,382
291,emerald,50c878,80,200,120,green,400
585,paris_green,50c878,80,200,120,green,400
496,medium_spring_green,00fa9a,0,250,154,green,404
857,yellow_green,9acd32,154,205,50,green,409
28,asparagus,87a96b,135,169,107,green,411
470,mantis,74c365,116,195,101,green,412
13,android_green,a4c639,164,198,57,green,419
752,spring_bud,a7fc00,167,252,0,green,419
271,dollar_bill,85bb65,133,187,101,green,421
449,lime_color_wheel,bfff00,191,255,0,green,446
545,olivine,9ab973,154,185,115,green,454
630,pistachio,93c572,147,197,114,green,458
286,electric_lime,ccff00,204,255,0,green,459
312,fluorescent_yellow,ccff00,204,255,0,green,459
319,french_lime,ccff00,204,255,0,green,459
589,pastel_green,77dd77,119,221,119,green,459
795,turquoise,30d5c8,48,213,200,green,461
233,dark_sea_green,8fbc8f,143,188,143,green,474
352,green_yellow,adff2f,173,255,47,green,475
498,medium_turquoise,48d1cc,72,209,204,green,485
480,medium_aquamarine,66ddaa,102,221,170,green,493
395,june_bud,bdda57,189,218,87,green,494
796,turquoise_blue,00ffef,0,255,239,green,494
728,screamin_green,76ff7a,118,255,122,green,495
374,inchworm,b2ec5d,178,236,93,green,507
293,eton_blue,96c8a2,150,200,162,green,512
435,light_green,90ee90,144,238,144,green,526
118,cambridge_blue,a3c1ad,163,193,173,green,529
572,pale_green,98fb98,152,251,152,green,555
340,granny_smith_apple,a8e4a0,168,228,160,green,556
495,medium_spring_bud,c9dc87,201,220,135,green,556
510,mint_green,98ff98,152,255,152,green,559
139,celadon,ace1af,172,225,175,green,572
578,pale_robin_egg_blue,96ded1,150,222,209,green,581
462,magic_mint,aaf0d1,170,240,209,green,619
563,pale_blue,afeeee,175,238,238,green,651
214,dark_jungle_green,1a2421,26,36,33,grey,95
393,jet,343434,52,52,52,grey,156
546,onyx,353839,53,56,57,grey,166
56,black_olive,3b3c36,59,60,54,grey,173
25,arsenic,3b444b,59,68,75,grey,202
153,charcoal,36454f,54,69,79,grey,202
236,dark_slate_grey,2f4f4f,47,79,79,grey,205
556,outer_space,414a4c,65,74,76,grey,215
342,grey_asparagus,465945,70,89,69,grey,228
457,liver,534b4f,83,75,79,grey,237
299,feldgrau,4d5d53,77,93,83,grey,253
246,davy_s_grey,555555,85,85,85,grey,255
275,ebony,555d50,85,93,80,grey,258
758,stormcloud,4f666a,79,102,106,grey,287
108,cadet,536872,83,104,114,grey,301
367,hooker_s_green,49796b,73,121,107,grey,301
209,dark_electric_blue,536878,83,104,120,grey,307
598,payne_s_grey,536878,83,104,120,grey,307
268,dim_grey,696969,105,105,105,grey,315
32,aurometalsaurus,6e7f80,110,127,128,grey,365
341,grey,808080,128,128,128,grey,384
343,grey_html_css_grey,808080,128,128,128,grey,384
746,slate_grey,708090,112,128,144,grey,384
789,trolley_grey,808080,128,128,128,grey,384
43,battleship_grey,848482,132,132,130,grey,394
166,cinereous,98817b,152,129,123,grey,404
444,light_slate_grey,778899,119,136,153,grey,408
768,taupe_grey,8b8589,139,133,137,grey,409
177,cool_grey,8c92ac,140,146,172,grey,458
468,manatee,979aaa,151,154,170,grey,475
110,cadet_grey,91a3b0,145,163,176,grey,484
276,ecru,c2b280,194,178,128,grey,500
211,dark_grey,a9a9a9,169,169,169,grey,507
406,laurel_green,a9ba9d,169,186,157,grey,512
399,khaki_html_css_khaki,c3b091,195,176,145,grey,516
847,wild_blue_yonder,a2add0,162,173,208,grey,543
27,ash_grey,b2beb5,178,190,181,grey,549
797,turquoise_green,a0d6b4,160,214,180,grey,554
516,moss_green,addfad,173,223,173,grey,569
344,grey_x11_grey,bebebe,190,190,190,grey,570
740,silver,c0c0c0,192,192,192,grey,576
586,pastel_blue,aec6cf,174,198,207,grey,579
579,pale_silver,c9c0bb,201,192,187,grey,580
411,lavender_grey,c4c3d0,196,195,208,grey,599
588,pastel_grey,cfcfc4,207,207,196,grey,610
434,light_grey,d3d3d3,211,211,211,grey,633
403,languid_lavender,d6cadd,214,202,221,grey,637
769,tea_green,d0f0c0,208,240,192,grey,640
783,timberwolf,dbd7d2,219,215,210,grey,644
844,wheat,f5deb3,245,222,179,grey,646
631,platinum,e5e4e2,229,228,226,grey,683
414,lavender_mist,e6e6fa,230,230,250,grey,710
418,lavender_web,e6e6fa,230,230,250,grey,710
333,glitter,e6e8fa,230,232,250,grey,712
398,kenyan_copper,7c1c05,124,28,5,orange,157
464,mahogany,c04000,192,64,0,orange,256
707,rust,b7410e,183,65,14,orange,262
741,sinopia,cb410b,203,65,11,orange,279
103,burnt_orange,cc5500,204,85,0,orange,289
776,tenn_tawny,cd5700,205,87,0,orange,292
183,coquelicot,ff3800,255,56,0,orange,311
550,orange_red,ff4500,255,69,0,orange,324
618,persimmon,ec5800,236,88,0,orange,324
763,tangelo,f94d00,249,77,0,orange,326
703,ruddy_brown,bb6528,187,101,40,orange,328
382,international_orange_aerospace,ff4f00,255,79,0,orange,334
164,chocolate_web,d2691e,210,105,30,orange,345
168,cinnamon,d2691e,210,105,30,orange,345
172,cocoa_brown,d2691e,210,105,30,orange,345
305,flame,e25822,226,88,34,orange,348
711,safety_orange_blaze_orange,ff6700,255,103,0,orange,358
326,fulvous,e48400,228,132,0,orange,360
207,dark_coral,cd5b45,205,91,69,orange,365
500,medium_vermilion,d9603b,217,96,59,orange,372
828,vermilion_plochere,d9603b,217,96,59,orange,372
764,tangerine,f28500,242,133,0,orange,375
10,amber_sae_ece,ff7e00,255,126,0,orange,381
250,deep_carrot_orange,e9692c,233,105,44,orange,382
548,orange_color_wheel,ff7f00,255,127,0,orange,382
221,dark_orange,ff8c00,255,140,0,orange,395
641,pumpkin,ff7518,255,117,24,orange,396
329,gamboge,e49b0f,228,155,15,orange,398
636,princeton_orange,ff8f00,255,143,0,orange,398
634,portland_orange,ff5a36,255,90,54,orange,399
551,orange_ryb,fb9902,251,153,2,orange,406
549,orange_peel,ff9f00,255,159,0,orange,414
136,carrot_orange,ed9121,237,145,33,orange,415
112,cadmium_orange,ed872d,237,135,45,orange,417
552,orange_web_color,ffa500,255,165,0,orange,420
785,tomato,ff6347,255,99,71,orange,425
104,burnt_sienna,e97451,233,116,81,orange,430
439,light_red_ochre,e97451,233,116,81,orange,430
557,outrageous_orange,ff6e4a,255,110,74,orange,439
239,dark_tangerine,ffa812,255,168,18,orange,441
469,mango_tango,ff8243,255,130,67,orange,452
594,pastel_red,ff6961,255,105,97,orange,457
262,deep_saffron,ff9933,255,153,51,orange,459
184,coral,ff7f50,255,127,80,orange,462
528,neon_carrot,ffa343,255,163,67,orange,485
860,yellow_orange,ffae42,255,174,66,orange,495
713,salmon,ff8c69,255,140,105,orange,500
591,pastel_orange,ffb347,255,179,71,orange,505
29,atomic_tangerine,ff9966,255,153,102,orange,510
627,pink_orange,ff9966,255,153,102,orange,510
652,rajah,fbab60,251,171,96,orange,518
601,peach_orange,ffcc99,255,204,153,orange,612
259,deep_peach,ffcba4,255,203,164,orange,622
600,peach_crayola,ffcba4,255,203,164,orange,622
152,champagne,fad6a5,250,214,165,orange,629
599,peach,ffe5b4,255,229,180,orange,664
49,bisque,ffe4c4,255,228,196,orange,679
800,tyrian_purple,66023c,102,2,60,purple,164
612,persian_indigo,32127a,50,18,122,purple,190
754,st_patrick_s_blue,23297a,35,41,122,purple,198
380,indigo_web,4b0082,75,0,130,purple,205
647,purple_taupe,50404d,80,64,77,purple,221
540,old_mauve,673147,103,49,71,purple,223
851,wine_dregs,673147,103,49,71,purple,223
203,dark_byzantium,5d3954,93,57,84,purple,234
561,palatinate_purple,682860,104,40,96,purple,240
277,eggplant,614051,97,64,81,purple,242
355,halay_be,663854,102,56,84,purple,242
107,byzantium,702963,112,41,99,purple,252
670,regalia,522d80,82,45,128,purple,255
597,patriarch,800080,128,0,128,purple,256
643,purple_html_css,800080,128,0,128,purple,256
229,dark_raspberry,872657,135,38,87,purple,260
471,mardi_gras,880085,136,0,133,purple,269
235,dark_slate_blue,483d8b,72,61,139,purple,272
218,dark_magenta,8b008b,139,0,139,purple,278
79,boysenberry,873260,135,50,96,purple,281
261,deep_ruby,843f5b,132,63,91,purple,286
833,violet_ryb,8601af,134,1,175,purple,310
642,purple_heart,69359c,105,53,156,purple,314
799,twilight_lavender,8a496b,138,73,107,purple,318
217,dark_lavender,734f96,115,79,150,purple,344
632,plum_traditional,8e4585,142,69,133,purple,344
539,old_lavender,796878,121,104,120,purple,345
476,mauve_taupe,915f6d,145,95,109,purple,349
654,raspberry_glace,915f6d,145,95,109,purple,349
357,han_purple,5218fa,82,24,250,purple,356
645,purple_munsell,9f00c5,159,0,197,purple,356
243,dark_violet,9400d3,148,0,211,purple,359
284,electric_indigo,6f00ff,111,0,255,purple,366
378,indigo,6f00ff,111,0,255,purple,366
16,antique_fuchsia,915c83,145,92,131,purple,368
296,fandango,b53389,181,51,137,purple,369
697,royal_purple,7851a9,120,81,169,purple,370
318,french_lilac,86608e,134,96,142,purple,372
385,iris,5a4fcf,90,79,207,purple,376
832,violet_color_wheel,7f00ff,127,0,255,purple,382
325,fuchsia_rose,c74375,199,67,117,purple,383
466,majorelle_blue,6050dc,96,80,220,purple,396
289,electric_violet,8f00ff,143,0,255,purple,398
830,violet,8f00ff,143,0,255,purple,398
745,slate_blue,6a5acd,106,90,205,purple,401
106,byzantine,bd33a4,189,51,164,purple,404
72,blue_violet,8a2be2,138,43,226,purple,407
222,dark_orchid,9932cc,153,50,204,purple,407
258,deep_magenta,cc00cc,204,0,204,purple,408
840,vivid_violet,9f00ff,159,0,255,purple,414
518,mountbatten_pink,997a8d,153,122,141,purple,416
786,toolbox,746cc0,116,108,192,purple,416
794,turkish_rose,b57281,181,114,129,purple,424
257,deep_lilac,9955bb,153,85,187,purple,425
648,purple_x11,a020f0,160,32,240,purple,432
829,veronica,a020f0,160,32,240,purple,432
287,electric_purple,bf00ff,191,0,255,purple,446
607,pearly_purple,b768a2,183,104,162,purple,449
803,ube,8878c3,136,120,195,purple,451
644,purple_mountain_majesty,9678b6,150,120,182,purple,452
416,lavender_purple,967bb6,150,123,182,purple,455
12,amethyst,9966cc,153,102,204,purple,459
292,english_lavender,b48395,180,131,149,purple,460
494,medium_slate_blue,7b68ee,123,104,238,purple,465
255,deep_fuchsia,c154c1,193,84,193,purple,470
323,fuchsia_crayola,c154c1,193,84,193,purple,470
412,lavender_indigo,9457eb,148,87,235,purple,470
225,dark_pastel_purple,966fd6,150,111,214,purple,475
490,medium_purple,9370db,147,112,219,purple,478
620,phlox,df00ff,223,0,255,purple,478
639,psychedelic_purple,df00ff,223,0,255,purple,478
676,rich_lavender,a76bcf,167,107,207,purple,481
488,medium_orchid,ba55d3,186,85,211,purple,482
547,opera_mauve,b784a7,183,132,167,purple,482
687,rose_quartz,aa98a9,170,152,169,purple,491
677,rich_lilac,b666d2,182,102,210,purple,494
744,sky_magenta,cf71af,207,113,175,purple,495
322,fuchsia,ff00ff,255,0,255,purple,510
459,magenta,ff00ff,255,0,255,purple,510
138,ceil,92a1cf,146,161,207,purple,514
593,pastel_purple,b39eb5,179,158,181,purple,518
410,lavender_floral,b57edc,181,126,220,purple,527
63,blue_bell,a2a2d0,162,162,208,purple,532
553,orchid,da70d6,218,112,214,purple,544
437,light_pastel_purple,b19cd9,177,156,217,purple,550
646,purple_pizzazz,fe4eda,254,78,218,purple,550
595,pastel_violet,cb99c9,203,153,201,purple,557
448,lilac,c8a2c8,200,162,200,purple,562
85,bright_lavender,bf94e4,191,148,228,purple,567
852,wisteria,c9a0dc,201,160,220,purple,581
590,pastel_magenta,f49ac2,244,154,194,purple,592
363,heliotrope,df73ff,223,115,255,purple,593
89,bright_ube,d19fe8,209,159,232,purple,600
487,medium_lavender_magenta,dda0dd,221,160,221,purple,602
576,pale_plum,dda0dd,221,160,221,purple,602
633,plum_web,dda0dd,221,160,221,purple,602
413,lavender_magenta,ee82ee,238,130,238,purple,606
834,violet_web,ee82ee,238,130,238,purple,606
574,pale_magenta,f984e5,249,132,229,purple,610
432,light_fuchsia_pink,f984ef,249,132,239,purple,620
738,shocking_pink_crayola,ff6fff,255,111,255,purple,621
807,ultra_pink,ff6fff,255,111,255,purple,621
778,thistle,d8bfd8,216,191,216,purple,623
324,fuchsia_pink,ff77ff,255,119,255,purple,629
417,lavender_rose,fba0e3,251,160,227,purple,638
475,mauve,e0b0ff,224,176,255,purple,655
673,rich_brilliant_lavender,f1a7fe,241,167,254,purple,662
408,lavender_blue,ccccff,204,204,255,purple,663
609,periwinkle,ccccff,204,204,255,purple,663
573,pale_lavender,dcd0ff,220,208,255,purple,683
90,brilliant_lavender,f4bbff,244,187,255,purple,686
285,electric_lavender,f4bbff,244,187,255,purple,686
626,pink_lace,ffddf4,255,221,244,purple,720
690,rosewood,65000b,101,0,11,red,112
232,dark_scarlet,560319,86,3,25,red,114
473,maroon_html_css,800000,128,0,0,red,128
42,barn_red,7c0a02,124,10,2,red,136
230,dark_red,8b0000,139,0,0,red,139
662,red_devil,860111,134,1,17,red,152
555,ou_crimson_red,990000,153,0,0,red,153
757,stizza,990000,153,0,0,red,153
820,usc_cardinal,900,153,0,0,red,153
720,sangria,92000a,146,0,10,red,156
816,up_maroon,7b1113,123,17,19,red,159
101,burgundy,800020,128,0,32,red,160
204,dark_candy_apple_red,a40000,164,0,0,red,164
615,persian_plum,701c1c,112,28,28,red,168
637,prune,701c1c,112,28,28,red,168
129,carmine,960018,150,0,24,red,174
295,falu_red,801818,128,24,24,red,176
515,mordant_red_19,ae0c00,174,12,0,red,186
701,ruby_red,9b111e,155,17,30,red,202
705,rufous,a81c07,168,28,7,red,203
17,antique_ruby,841b2d,132,27,45,red,204
77,boston_university_red,cc0000,204,0,0,red,204
691,rosso_corsa,d40000,212,0,0,red,212
850,wine,722f37,114,47,55,red,216
583,pansy_purple,78184a,120,24,74,red,218
383,international_orange_engineering,ba160c,186,22,12,red,220
836,vivid_auburn,922724,146,39,36,red,221
360,harvard_crimson,c90016,201,0,22,red,223
825,venetian_red,c80815,200,8,21,red,229
134,carnelian,b31b1b,179,27,27,red,233
189,cornell_red,b31b1b,179,27,27,red,233
196,crimson_glory,be0032,190,0,50,red,240
837,vivid_burgundy,9f1d35,159,29,53,red,241
401,ku_crimson,e8000d,232,0,13,red,245
304,firebrick,b22222,178,34,34,red,246
817,upsdell_red,ae2029,174,32,41,red,247
30,auburn,a52a2a,165,42,42,red,249
96,brown_web,a52a2a,165,42,42,red,249
661,red_brown,a52a2a,165,42,42,red,249
664,red_ncs,c40233,196,2,51,red,249
407,lava,cf1020,207,16,32,red,255
660,red,ff0000,255,0,0,red,255
3,alabama_crimson,a32638,163,38,56,red,257
48,big_dip_o_ruby,9c2542,156,37,66,red,259
113,cadmium_red,e30022,227,0,34,red,261
123,candy_apple_red,ff0800,255,8,0,red,263
248,deep_carmine,a9203e,169,32,62,red,263
392,jazzberry_jam,a50b5e,165,11,94,red,270
748,smokey_topaz,933d41,147,61,65,red,273
822,utah_crimson,d3003f,211,0,63,red,274
482,medium_candy_apple_red,e2062c,226,6,44,red,276
130,carmine_m_p,d70040,215,0,64,red,279
303,fire_engine_red,ce2029,206,32,41,red,279
674,rich_carmine,d70040,215,0,64,red,279
127,cardinal,c41e3a,196,30,58,red,284
226,dark_pastel_red,c23b22,194,59,34,red,287
384,international_orange_golden_gate_bridge,c0362c,192,54,44,red,290
725,scarlet,ff2400,255,36,0,red,291
565,pale_carmine,af4035,175,64,53,red,292
802,ua_red,d9004c,217,0,76,red,293
458,lust,e62020,230,32,32,red,294
301,ferrari_red,ff2800,255,40,0,red,295
699,rubine_red,d10056,209,0,86,red,295
702,ruddy,ff0028,255,0,40,red,295
86,bright_maroon,c32148,195,33,72,red,300
195,crimson,dc143c,220,20,60,red,300
472,maroon_crayola,c32148,195,33,72,red,300
666,red_pigment,ed1c24,237,28,36,red,301
663,red_munsell,f2003c,242,0,60,red,302
616,persian_red,cc3333,204,51,51,red,306
247,debian_red,d70a53,215,10,83,red,308
132,carmine_red,ff0038,255,0,56,red,311
667,red_ryb,fe2712,254,39,18,red,311
320,french_raspberry,c72c48,199,44,72,red,315
281,electric_crimson,ff003f,255,0,63,red,318
5,alizarin_crimson,e32636,227,38,54,red,319
685,rose_madder,e32636,227,38,54,red,319
11,american_rose,ff033e,255,3,62,red,320
474,maroon_x11,b03060,176,48,96,red,320
678,rich_maroon,b03060,176,48,96,red,320
726,scarlet_crayola,fd0e35,253,14,53,red,320
788,tractor_red,fd0e35,253,14,53,red,320
708,rusty_red,da2c43,218,44,67,red,329
653,raspberry,e30b5d,227,11,93,red,331
669,redwood,ab4e52,171,78,82,red,331
689,rose_vale,ab4e52,171,78,82,red,331
150,cg_red,e03c31,224,60,49,red,333
313,folly,ff004f,255,0,79,red,334
391,jasper,d73b3e,215,59,62,red,336
700,ruby,e0115f,224,17,95,red,336
492,medium_ruby,aa4069,170,64,105,red,339
249,deep_carmine_pink,ef3038,239,48,56,red,343
270,dogwood_rose,d71868,215,24,104,red,343
167,cinnabar,e34234,227,66,52,red,345
827,vermilion_cinnabar,e34234,227,66,52,red,345
52,bittersweet_shimmer,bf4f51,191,79,81,red,351
8,amaranth,e52b50,229,43,80,red,352
82,brick_red,cb4154,203,65,84,red,352
501,medium_violet_red,c71585,199,21,133,red,353
668,red_violet,c71585,199,21,133,red,353
656,raspberry_rose,b3446c,179,68,108,red,355
460,magenta_dye,ca1f7b,202,31,123,red,356
161,china_rose,a8516e,168,81,110,red,359
144,cerise,de3163,222,49,99,red,370
157,cherry,de3163,222,49,99,red,370
491,medium_red_violet,bb3385,187,51,133,red,371
659,razzmatazz,e3256b,227,37,107,red,371
241,dark_terra_cotta,cc4e5c,204,78,92,red,374
838,vivid_cerise,da1d81,218,29,129,red,376
131,carmine_pink,eb4c42,235,76,66,red,377
775,telemagenta,cf3476,207,52,118,red,377
87,bright_pink,ff007f,255,0,127,red,382
681,rose,ff007f,255,0,127,red,382
186,coral_red,ff4040,255,64,64,red,383
159,chestnut,cd5c5c,205,92,92,red,389
376,indian_red,cd5c5c,205,92,92,red,389
696,royal_fuchsia,ca2c92,202,44,146,red,392
461,magenta_process,ff0090,255,0,144,red,399
651,radical_red,ff355e,255,53,94,red,402
251,deep_cerise,da3287,218,50,135,red,403
297,fashion_fuchsia,f400a1,244,0,161,red,405
364,hollywood_cerise,f400a1,244,0,161,red,405
327,fuzzy_wuzzy,cc6666,204,102,102,red,408
665,red_orange,ff5349,255,83,73,red,411
520,mulberry,c54b8c,197,75,140,red,412
684,rose_gold,b76e79,183,110,121,red,414
529,neon_fuchsia,fe4164,254,65,100,red,419
260,deep_pink,ff1493,255,20,147,red,422
311,fluorescent_pink,ff1493,255,20,147,red,422
145,cerise_pink,ec3b83,236,59,131,red,426
777,terra_cotta,e2725b,226,114,91,red,431
227,dark_pink,e75480,231,84,128,red,443
73,blush,de5d83,222,93,131,red,446
427,light_carmine_pink,e66771,230,103,113,red,446
541,old_rose,c08081,192,128,129,red,449
617,persian_rose,fe28a2,254,40,162,red,456
321,french_rose,f64a8a,246,74,138,red,458
655,raspberry_pink,e25098,226,80,152,red,458
51,bittersweet,fe6f5e,254,111,94,red,459
737,shocking_pink,fc0fc0,252,15,192,red,459
124,candy_pink,e4717a,228,113,122,red,463
766,tango_pink,e4717a,228,113,122,red,463
531,new_york_pink,d7837f,215,131,127,red,473
682,rose_bonbon,f9429e,249,66,158,red,473
92,brink_pink,fb607f,251,96,127,red,474
692,rosy_brown,bc8f8f,188,143,143,red,474
577,pale_red_violet,db7093,219,112,147,red,478
582,pale_violet_red,db7093,219,112,147,red,478
848,wild_strawberry,ff43a4,255,67,164,red,486
368,hot_magenta,ff1dce,255,29,206,red,490
640,puce,cc8899,204,136,153,red,493
849,wild_watermelon,fc6c85,252,108,133,red,493
160,china_pink,de6fa1,222,111,161,red,494
779,thulian_pink,de6fa1,222,111,161,red,494
430,light_crimson,f56991,245,105,145,red,495
428,light_coral,f08080,240,128,128,red,496
175,congo_pink,f88379,248,131,121,red,500
185,coral_pink,f88379,248,131,121,red,500
770,tea_rose_orange,f88379,248,131,121,red,500
91,brilliant_rose,ff55a3,255,85,163,red,503
658,razzle_dazzle_rose,ff33cc,255,51,204,red,510
704,ruddy_pink,e18e96,225,142,150,red,517
369,hot_pink,ff69b4,255,105,180,red,540
154,charm_pink,e68fac,230,143,172,red,545
446,light_thulian_pink,e68fac,230,143,172,red,545
592,pastel_pink,dea5a4,222,165,164,red,551
839,vivid_tangerine,ffa089,255,160,137,red,552
629,pink_sherbet,f78fa7,247,143,167,red,557
441,light_salmon_pink,ff9999,255,153,153,red,561
477,mauvelous,ef98aa,239,152,170,red,561
686,rose_pink,ff66cc,255,102,204,red,561
780,tickle_me_pink,fc89ac,252,137,172,red,561
614,persian_pink,f77fbe,247,127,190,red,564
714,salmon_pink,ff91a4,255,145,164,red,564
306,flamingo_pink,fc8eac,252,142,172,red,566
567,pale_chestnut,ddadaf,221,173,175,red,569
628,pink_pearl,e7accf,231,172,207,red,610
523,nadeshiko_pink,f6adc6,246,173,198,red,617
504,melon,fdbcb4,253,188,180,red,621
133,carnation_pink,ffa6c9,255,166,201,red,622
120,cameo_pink,efbbcc,239,187,204,red,630
438,light_pink,ffb6c1,255,182,193,red,630
38,baby_pink,f4c2c2,244,194,194,red,632
771,tea_rose_rose,f4c2c2,244,194,194,red,632
158,cherry_blossom_pink,ffb7c5,255,183,197,red,635
415,lavender_pink,fbaed2,251,174,210,red,635
625,pink,ffc0cb,255,192,203,red,650
97,bubble_gum,ffc1cc,255,193,204,red,652
193,cotton_candy,ffbcd9,255,188,217,red,660
170,classic_rose,fbcce7,251,204,231,red,686
575,pale_pink,fadadd,250,218,221,red,689
76,bone,e3dac9,227,218,201,white,646
602,peach_puff,ffdab9,255,218,185,white,658
328,gainsboro,dcdcdc,220,220,220,white,660
7,almond,efdecd,239,222,205,white,666
811,unbleached_silk,ffddca,255,221,202,white,678
278,eggshell,f0ead6,240,234,214,white,688
57,blanched_almond,ffebcd,255,235,205,white,695
18,antique_white,faebd7,250,235,215,white,700
512,moccasin,faebd7,250,235,215,white,700
623,piggy_pink,fddde6,253,221,230,white,704
584,papaya_whip,ffefd5,255,239,213,white,707
511,misty_rose,ffe4e1,255,228,225,white,708
47,beige,f5f5dc,245,245,220,white,710
194,cream,fffdd0,255,253,208,white,716
386,isabelline,f4f0ec,244,240,236,white,720
454,linen,faf0e6,250,240,230,white,720
191,cornsilk,fff8dc,255,248,220,white,723
538,old_lace,fdf5e6,253,245,230,white,728
14,anti_flash_white,f2f3f4,242,243,244,white,729
192,cosmic_latte,fff8e7,255,248,231,white,734
431,light_cyan,e0ffff,224,255,255,white,734
447,light_yellow,ffffe0,255,255,224,white,734
365,honeydew,f0fff0,240,255,240,white,735
846,white_smoke,f5f5f5,245,245,245,white,735
732,seashell,fff5ee,255,245,238,white,738
98,bubbles,e7feff,231,254,255,white,740
409,lavender_blush,fff0f5,255,240,245,white,740
4,alice_blue,f0f8ff,240,248,255,white,743
309,floral_white,fffaf0,255,250,240,white,745
463,magnolia,f8f4ff,248,244,255,white,747
35,azure_mist_web,f0ffff,240,255,255,white,750
388,ivory,fffff0,255,255,240,white,750
509,mint_cream,f5fffa,245,255,250,white,750
330,ghost_white,f8f8ff,248,248,255,white,751
750,snow,fffafa,255,250,250,white,755
845,white,ffffff,255,255,255,white,765
362,heart_gold,808000,128,128,0,yellow,256
542,olive,808000,128,128,0,yellow,256
272,drab,967117,150,113,23,yellow,286
513,mode_beige,967117,150,113,23,yellow,286
716,sand_dune,967117,150,113,23,yellow,286
719,sandy_taupe,967117,150,113,23,yellow,286
244,dark_yellow,9b870c,155,135,12,yellow,302
361,harvest_gold,da9100,218,145,0,yellow,363
81,brass,b5a642,181,166,66,yellow,413
724,satin_sheen_gold,cba135,203,161,53,yellow,417
165,chrome_yellow,ffa700,255,167,0,yellow,422
818,urobilin,e1ad21,225,173,33,yellow,431
805,ucla_gold,ffb300,255,179,0,yellow,434
733,selective_yellow,ffba00,255,186,0,yellow,441
334,gold_metallic,d4af37,212,175,55,yellow,442
858,yellow_munsell,efcc00,239,204,0,yellow,443
9,amber,ffbf00,255,191,0,yellow,446
169,citrine,e4d00a,228,208,10,yellow,446
310,fluorescent_orange,ffbf00,255,191,0,yellow,446
337,golden_poppy,fcc200,252,194,0,yellow,446
537,old_gold,cfb53b,207,181,59,yellow,447
608,peridot,e6e200,230,226,0,yellow,456
765,tangerine_yellow,ffcc00,255,204,0,yellow,459
821,usc_gold,ffcc00,255,204,0,yellow,459
507,mikado_yellow,ffc40c,255,196,12,yellow,463
824,vegas_gold,c5b358,197,179,88,yellow,464
859,yellow_ncs,ffd300,255,211,0,yellow,466
784,titanium_yellow,eee600,238,230,0,yellow,468
335,gold_web_golden,ffd700,255,215,0,yellow,470
727,school_bus_yellow,ffd800,255,216,0,yellow,471
155,chartreuse_traditional,dfff00,223,255,0,yellow,478
338,golden_yellow,ffdf00,255,223,0,yellow,478
215,dark_khaki,bdb76b,189,183,107,yellow,479
422,lemon_lime,e3ff00,227,255,0,yellow,482
604,pear,d1e231,209,226,49,yellow,484
712,saffron,f4c430,244,196,48,yellow,488
31,aureolin,fdee00,253,238,0,yellow,491
122,canary_yellow,ffef00,255,239,0,yellow,494
861,yellow_process,ffef00,255,239,0,yellow,494
114,cadmium_yellow,fff600,255,246,0,yellow,501
420,lemon,fff700,255,247,0,yellow,502
290,electric_yellow,ffff00,255,255,0,yellow,510
760,sunglow,ffcc33,255,204,51,yellow,510
856,yellow,ffff00,255,255,0,yellow,510
200,dandelion,f0e130,240,225,48,yellow,513
717,sandstorm,ecd540,236,213,64,yellow,513
41,banana_yellow,ffe135,255,225,53,yellow,533
405,laser_lemon,fefe22,254,254,34,yellow,542
26,arylide_yellow,e9d66b,233,214,107,yellow,554
358,hansa_yellow,e9d66b,233,214,107,yellow,554
759,straw,e4d96f,228,217,111,yellow,556
199,daffodil,ffff31,255,255,49,yellow,559
862,yellow_ryb,fefe33,254,254,51,yellow,559
394,jonquil,fada5e,250,218,94,yellow,562
521,mustard,ffdb58,255,219,88,yellow,562
525,naples_yellow,fada5e,250,218,94,yellow,562
698,royal_yellow,fada5e,250,218,94,yellow,562
756,stil_de_grain_yellow,fada5e,250,218,94,yellow,562
188,corn,fbec5d,251,236,93,yellow,580
465,maize,fbec5d,251,236,93,yellow,580
99,buff,f0dc82,240,220,130,yellow,590
372,icterine,fcf75e,252,247,94,yellow,593
390,jasmine,f8de7e,248,222,126,yellow,596
503,mellow_yellow,f8de7e,248,222,126,yellow,596
400,khaki_x11_light_khaki,f0e68c,240,230,140,yellow,610
436,light_khaki,f0e68c,240,230,140,yellow,610
814,unmellow_yellow,ffff66,255,255,102,yellow,612
307,flavescent,f7e98e,247,233,142,yellow,622
571,pale_goldenrod,eee8aa,238,232,170,yellow,640
484,medium_champagne,f3e5ab,243,229,171,yellow,643
823,vanilla,f3e5ab,243,229,171,yellow,643
603,peach_yellow,fadfad,250,223,173,yellow,646
596,pastel_yellow,fdfd96,253,253,150,yellow,656
580,pale_spring_bud,ecebbd,236,235,189,yellow,660
40,banana_mania,fae7b5,250,231,181,yellow,662
61,blond,faf0be,250,240,190,yellow,680
421,lemon_chiffon,fffacd,255,250,205,yellow,710
433,light_goldenrod_yellow,fafad2,250,250,210,yellow,710